course_code,course_name,AU
AB0301,LEGAL & ETHICAL ISSUES IN SUSTAINABILITY~#,3.0
AB0403,DECISION MAKING WITH PROGRAMMING & ANALYTICS*~#,3.0
AB0602,COMMUNICATION MANAGEMENT STRATEGIES,4.0
AB0603,SOCIAL ENTREPRENEURSHIP~#,3.0
AB1201,FINANCIAL MANAGEMENT*~,3.0
AB1301,BUSINESS LAW*~#,3.0
AB1501,MARKETING*~,3.0
AB1601,ORGANISATIONAL BEHAVIOUR & DESIGN*~,3.0
AB2008,CAREERS FUTURE FORWARD,1.0
AB3601,STRATEGIC MANAGEMENT,4.0
AB3602,STRATEGIC MANAGEMENT,3.0
AB5101,BUSINESS VALUATION: FROM THEORY TO PRACTICE*~,3.0
AB5102,FORENSIC ACCOUNTING & FRAUD INVESTIGATION*~,3.0
AB5601,NEGOTIATE TO GET WHAT YOU WANT: STRATEGY & PRACTICE*,4.0
AC1103,ACCOUNTING I,4.0
AC1104,ACCOUNTING II,4.0
AC2101,ACCOUNTING RECOGNITION & MEASUREMENT,4.0
AC2105,ACCOUNTING FOR DECISION MAKING & CONTROL,4.0
AC2301,PRINCIPLES OF TAXATION*~,4.0
AC2401,ACCOUNTING INFORMATION SYSTEMS,4.0
AC3102,RISK REPORTING & ANALYSIS,4.0
AC3103,ACCOUNTING ANALYSIS & VALUATION,4.0
AC3104,ENTERPRISE RISK MANAGEMENT & SUSTAINABILITY~,4.0
AC3105,SUSTAINABILITY REPORTING~,3.0
AD1101,FINANCIAL ACCOUNTING*,4.0
AD1102,FINANCIAL ACCOUNTING~,3.0
AD2101,MANAGEMENT ACCOUNTING*,4.0
AD2102,MANAGERIAL ACCOUNTING~,3.0
AL1301,BUSINESS ETHICS,3.0
BA2202,MATHEMATICS OF FINANCE*~,4.0
BA3201,LIFE CONTINGENCIES & DEMOGRAPHY*~,4.0
BC2402,DESIGNING & DEVELOPING DATABASES*~,4.0
BC2406,ANALYTICS I: VISUAL & PREDICTIVE TECHNIQUES*~,4.0
BC3409,AI IN ACCOUNTING & FINANCE*,4.0
BC3415,AI IN ACCOUNTING & FINANCE~,3.0
BE1401,BUSINESS OPERATIONS & PROCESS*#,4.0
BE1402,BUSINESS OPERATIONS & PROCESS~,3.0
BE2501,INTERNATIONAL BUSINESS ENVIRONMENT*,4.0
BE2601,"MANAGEMENT PRINCIPLES, SKILLS & COMPETENCIES*",4.0
BE2602,"MANAGEMENT PRINCIPLES, SKILLS & COMPETENCIES~",3.0
BF2100,ETHICS IN THE INVESTMENT PROFESSION,1.0
BF2201,INVESTMENTS*,4.0
BF2206,WEALTH MANAGEMENT*,4.0
BF2209,DERIVATIVE SECURITIES*,4.0
BF2214,FINTECH IN INVESTMENT MANAGEMENT*,4.0
BF2216,TRADE INCOTERMS & SHIP CHARTERING*,4.0
BF2218,COMMODITY MARKETS*,4.0
BF2219,INVESTMENTS~,3.0
BF2220,WEALTH MANAGEMENT~,3.0
BF2221,DERIVATIVE SECURITIES & HEDGING STRATEGIES~,3.0
BF2223,FINTECH IN INVESTMENT MANAGEMENT~,3.0
BF2225,RELATIONSHIP MANAGEMENT~,3.0
BF2226,TRADE INCOTERMS & SHIP CHARTERING~,3.0
BF2227,COMMODITY MARKETS~,3.0
BF2229,GLOBAL FINANCIAL MARKETS & INSTITUTIONS~,3.0
BF3122,CARBON MARKETS & PRICING FUNDAMENTALS~,3.0
BF3202,FIXED INCOME SECURITIES*,4.0
BF3203,EQUITY SECURITIES*,4.0
BF3207,ALTERNATIVE INVESTMENTS*,4.0
BF3212,"TRADE, STRUCTURED & SUPPLY CHAIN FINANCE*~",2.0
BF3213,ENTERPRISE RISK MANAGEMENT IN COMMODITY MARKETS*~,2.0
BF3214,COMMODITIES TRADING*~,2.0
BF3216,FIXED INCOME SECURITIES~,3.0
BF3219,ALTERNATIVE INVESTMENTS~,3.0
BF3226,STRATEGIC MANAGEMENT IN COMMODITY MARKET~,2.0
BG1141,CELLULAR & MOLECULAR BIOLOGY FOR BIOENGINEERS,3.0
BG1801,BIOENGINEERING LAB 1A,1.0
BG2119,ANATOMY & PHYSIOLOGY*~,3.0
BG2131,BIOMATERIALS,3.0
BG2142,BIOLOGICAL THERMODYNAMICS,3.0
BG2211,INTRODUCTION TO COMPUTATIONAL THINKING,3.0
BG3102,CONTROL IN BIOSYSTEMS,3.0
BG3104,BIOMEDICAL IMAGING,3.0
BG3105,BIOMEDICAL INSTRUMENTATION~,3.0
BG3112,CARDIOVASCULAR ENGINEERING,3.0
BG4103,BIOMEDICAL PROJECT DESIGN &  MANAGEMENT,4.0
BG4104,MACHINE LEARNING & OPTIMISATION FOR BIOENGINEERS*~,3.0
BG4122,MEDICAL DEVICE DESIGN,6.0
BG4211,CNYSP OVERSEAS FINAL YEAR PROJECT,8.0
BG4215,BIOMEDICAL NANOTECHNOLOGY*~,3.0
BG4231,ADVANCED BIOMATERIALS*~,3.0
BG4341,FUNDAMENTALS OF INTELLECTUAL PROPERTY IN BIOMEDICAL ENGINEER*~,3.0
BH2601,STRATEGIC HR MANAGEMENT & CONSULTING*,4.0
BH2605,STRATEGIC HUMAN RESOURCE MANAGEMENT & CONSULTING~,3.0
BH3601,TALENT DEVELOPMENT & MANAGEMENT*,4.0
BH3604,MANAGING ORGANIZATIONAL CHANGE*,4.0
BH3605,TALENT DEVELOPMENT & MANAGEMENT,3.0
BM2501,MARKET BEHAVIOUR*,4.0
BM2502,MARKETING INTELLIGENCE: AI & DATA-DRIVEN INSIGHTS*,4.0
BM2504,INTEGRATED MARKETING COMMUNICATIONS*,4.0
BM2506,DIGITAL MARKETING:CONNECTING WITH CUSTOMERS IN TODAY'S WORLD*,4.0
BM2507,MARKETING ANALYTICS*,4.0
BM2510,MARKETING INTELLIGENCE: AI & DATA-DRIVEN INSIGHTS~,3.0
BM2512,INTEGRATED MARKETING COMMUNICATIONS~,3.0
BM2514,DIGITAL MARKETING~,3.0
BM2515,MARKETING ANALYTICS~,3.0
BM2518,TECH-POWERED MARKETING STRATEGIES FOR FMCG BRANDS~,3.0
BM3506,STRATEGIC BRAND MANAGEMENT*,4.0
BM3509,STRATEGIC BRAND MANAGEMENT~,3.0
BR2208,FOUNDATION OF RISK MANAGEMENT*~,3.0
BR3208,OPERATIONAL RISK MANAGEMENT*,4.0
BR3211,OPERATIONAL RISK & RESILIENCY*~,3.0
BS0004,INTRODUCTION TO DATA SCIENCE,3.0
BS1001,INTRODUCTORY BIOLOGY*~#,3.0
BS1008,BIOSTATISTICS*~,3.0
BS1012,FOUNDATIONS OF CHEMISTRY I,3.0
BS1016,PHYSIOLOGY*~,3.0
BS1022,LABORATORY FOR FOUNDATIONS OF CHEMISTRY I*~,1.0
BS1103,CHINESE MEDICINE FOUNDATIONAL THEORIES,3.0
BS1104,ANCIENT CHINESE LITERATURE STUDIES,2.0
BS2002,MICROBIOLOGY*~,3.0
BS2003,BIOCHEMISTRY II,3.0
BS2023,REGULATORY CONTROL OF HEALTHCARE PRODUCTS & MEDICAL DEVICES~,3.0
BS2024,EVOLUTION IN HEALTH & DISEASE*~,3.0
BS2028,INSTRUMENTATION FOR THE ANALYSIS OF BIOLOGICAL SYSTEMS,3.0
BS2029,INTRODUCTION TO LABORATORY MEDICINE~,3.0
BS2100,MOLECULAR & CELL BIOLOGY TECHNIQUES LEVEL 2~,3.0
BS2101,ANATOMY,3.0
BS2108,CLINICAL ACUPUNCTURE,3.0
BS2109,CM CLASSIC EMPEROR?S CANON OF INTERNAL MEDICINE,2.0
BS2110,MATERIAL MEDICA OF CHINESE MEDICINE,3.0
BS2111,CM CLINICAL TRAINING 2,1.0
BS3003,DEVELOPMENTAL BIOLOGY~,3.0
BS3004,CANCER BIOLOGY & THERAPY~,3.0
BS3014,BIOLOGICAL FOUNDATIONS OF BEHAVIOR,3.0
BS3018,PLANT BIOLOGY*~,3.0
BS3021,BIOIMAGING TECHNIQUES IN EM*~,3.0
BS3022,PROTEIN TRAFFICKING~,3.0
BS3027,LIGHT & BIOMOLECULE BEHAVIOR IN HEALTH & DISEASE*~,3.0
BS3038,INTELLECTUAL PROPERTY RIGHTS RELATED TO BIOBUSINESS~,3.0
BS3101,TREATISE ON EXOGENOUS FEBRILE DISEASES,6.0
BS3103,TCM INTERNSHIP II,3.0
BS3108,ACUPUNCTURE & MOXIBUSTION,6.0
BS3201,INTELLECTUAL PROPERTY RIGHTS REL TO BIOBUSINESS & THEIR APPN,5.0
BS3202,COMMERCIALIZATION OF MOLECULAR & CELL BIOLOGY TECHNIQUES~,3.0
BS3338,UAEB II - EFFECT OF ANTI-MITOTIC DRUGS ON CANCER CELLS~,3.0
BS3344,UAEB II - MACROMOLECULAR CRYSTALLOGRAPHY*~,3.0
BS4010,SYNTHETIC BIOLOGY~,3.0
BS4014,MOLECULAR BASIS OF DISEASES*~,3.0
BS4015,PLANT BIOTECHNOLOGY*~,3.0
BS4017,HIGH-THROUGHPUT BIOINFORMATICS~,3.0
BS5804,TRADITIONAL CHINESE MEDICINE: A PRIMER COURSE*~#,3.0
BT2403,SERVICES OPERATIONS MANAGEMENT*,4.0
BT2404,SERVICES OPERATIONS MANAGEMENT~,3.0
BU5101,ACCOUNTING: A USER PERSPECTIVE*~#,3.0
BU5201,BUSINESS FINANCE*~#,3.0
BU5401,MANAGEMENT DECISION TOOLS*~#,3.0
BU5501,MARKETING FOR THE 21ST CENTURY*~#,3.0
BU5544,MARKETING HEALTH: CONSUMERS' PURSUIT OF WELLNESS*~#,3.0
BU5546,LUXURY MARKETING*~#,3.0
BU5601,FUNDAMENTALS OF MANAGEMENT*~#,3.0
BU5603,NEGOTIATION: STRATEGY & PRACTICE~,3.0
BU5605,MANAGING ORGANIZATIONAL CHANGE~,3.0
BU5641,CULTURAL INTELLIGENCE: HOW TO BE AN EXPLORER OF THE WORLD*~#,3.0
BU5644,SMARTER BRAIN? THE SCIENCE OF DECISION MAKING*~#,3.0
BU5703,INTERNATIONAL BUSINESS ENVIRONMENT~,3.0
CB1102,"INTRO TO CHEMISTRY, CHEM ENG & BIOMED ENG",1.0
CB4248,ADVANCED SEMICONDUCTOR PROCESSES~,3.0
CC0001,INQUIRY & COMMUNICATION IN AN INTERDISCIPLINARY WORLD,2.0
CC0002,NAVIGATING THE DIGITAL WORLD,2.0
CC0003,ETHICS & CIVICS IN A MULTICULTURAL WORLD,2.0
CC0005,HEALTHY LIVING & WELLBEING,3.0
CC0006,"SUSTAINABILITY: SOCIETY, ECONOMY & ENVIRONMENT",3.0
CC0007,SCIENCE & TECHNOLOGY FOR HUMANITY,3.0
CC0015,HEALTH & WELLBEING,2.0
CE1107,DATA STRUCTURES & ALGORITHMS*,3.0
CE3001,ADVANCED COMPUTER ARCHITECTURE*,3.0
CE3103,EMBEDDED PROGRAMMING*,3.0
CE4010,APPLIED CRYPTOGRAPHY*,3.0
CE4022,WIRELESS & MOBILE NETWORKS*,3.0
CE4031,DATABASE SYSTEM PRINCIPLES*,3.0
CE4041,MACHINE LEARNING*,3.0
CE4045,NATURAL LANGUAGE PROCESSING*,3.0
CE4070,CYBER THREAT INTELLIGENCE*,3.0
CE4153,BLOCKCHAIN TECHNOLOGY,3.0
CE5008,DECODE THE INDUSTRY: INSIGHTS & SKILLS FOR CAREER SUCCESS*,1.0
CH1801,CHEMICAL & BIOMOLECULAR ENGINEERING LABORATORY 1A,1.0
CH2108,THERMODYNAMICS,3.0
CH3104,BIOCHEMICAL ENGINEERING,3.0
CH3109,DECISION TOOLS FOR ENGINEERING BUSINESS,3.0
CH3111,PROCESS CONTROL & DYNAMICS*~,3.0
CH3121,"CHEMICAL, BIOLOGICAL & PLANT SAFETY",2.0
CH4102,PROJECT MANAGEMENT FOR ENGINEERS*~,3.0
CH4106,FORMULATION OF ACTIVE PHARMACEUTICAL INGREDIENTS DOSAGE FORM*~,3.0
CH4211,CNYSP OVERSEAS FINAL YEAR PROJECT,8.0
CH4223,PETROLEUM REFINING*~,3.0
CH4306,BIOANALYTICAL TECHNIQUES*~,3.0
CH4341,FUNDAMENTALS OF INTELLECTUAL PROPERTY IN CHEMICAL ENG*~,3.0
CH4702,INDEPENDENT RESEARCH PROJECT 1*~,3.0
CH4703,INDEPENDENT RESEARCH PROJECT 2*~,3.0
CH4801,FINAL YEAR DESIGN PROJECT,8.0
CH5201,FOOD CHEMISTRY*~,5.0
CH5203,FOOD PROCESS ENGINEERING*~,5.0
CH5221,FOOD INDUSTRY SEMINAR SERIES*~,3.0
CM1001,FOUNDATIONS OF CHEMISTRY I*~,4.0
CM2011,ANALYTICAL CHEMISTRY*~,3.0
CM2021,INORGANIC & BIOINORGANIC CHEMISTRY*~,3.0
CM2061,CHEMISTRY & BIOLOGICAL CHEMISTRY LABORATORY 1*~,3.0
CM3011,CHEMICAL SPECTROSCOPY & APPLICATIONS*~,3.0
CM3021,ORGANOMETALLIC CHEMISTRY*~,3.0
CM3031,ORGANIC REACTION MECHANISMS & SYNTHESIS*~,3.0
CM3041,PHYSICAL & BIOPHYSICAL CHEMISTRY 2*~,3.0
CM3062,CHEMISTRY & BIOLOGICAL CHEMISTRY LABORATORY 4,3.0
CM4012,STRUCTURAL DETERMINATION*~,3.0
CM4013,CURRENT TOPICS IN ANALYTICAL CHEMISTRY*~,3.0
CM4044,ARTIFICIAL INTELLIGENCE IN CHEMISTRY*~,3.0
CM4053,PHARMACEUTICAL CHEMISTRY*~,3.0
CM4062,POLYMER CHEMISTRY*~,3.0
CM4063,NANOSCIENCE & NANOTECHNOLOGY,3.0
CM5002,FORENSIC SCIENCE*~#,3.0
CM5013,SCENT CREATION: THE ART & SCIENCE OF PERFUMERY~,3.0
CM5022,APPLICATIONS OF FORENSIC SCIENCE*~#,1.0
CM5081,MEDICINAL CHEMISTRY*~,3.0
CS0102,MAKING SENSE OF BIG DATA,3.0
CS0201,FOUNDATIONS OF COMMUNICATION STUDIES*~,3.0
CS2008,FUNDAMENTALS OF RESEARCH*~,3.0
CS2021,NEWS REPORTING & WRITING*~,3.0
CS2024,WEB DESIGN & TECHNOLOGIES*~,3.0
CS2025,IMAGE & SOUND PRODUCTION*~,3.0
CS2026,MEDIA PRESENTATION & PERFORMANCE*~,3.0
CS2058,INTEGRATED MARKETING COMMUNICATION*~,3.0
CS2059,SOCIAL CONSEQUENCES OF MOBILE COMMUNICATION*~,3.0
CS2090,DIGITAL MEDIA ENTREPRENEURSHIP*~,3.0
CS2101,PUBLIC RELATIONS WRITING*~,3.0
CS2103,PUBLIC RELATIONS & COMMUNICATIONS MANAGEMENT*~,3.0
CS2190,CINEMA & THE ENVIRONMENT*~,3.0
CS2400,FOUNDATION OF INFORMATION ANALYTICS*~,3.0
CS2403,TELLING STORIES WITH DATA*~,3.0
CS4018,SPECIALISED JOURNALISM:BUSINESS & ECONOMICS*~,4.0
CS4024,WRITING FOR CINEMA & TV*~,4.0
CS4029,ADVERTISING CREATIVITY & COPYWRITING*~,4.0
CS4030,CRISIS MANAGEMENT*~,4.0
CS4037,AUDIENCE RESEARCH METHODS*~,4.0
CS4050,BAYESIAN DATA ANALYSIS & ITS APPLICATIONS*~,4.0
CS4068,ISSUES IN CINEMA STUDIES*~,4.0
CS4075,SELECTED TOPICS IN PR:EVALUATING & PRODUCING CAMPAIGN RESULT*~,4.0
CS4092,NEW MEDIA &  SOCIETY*~,4.0
CS4150,HEALTH COMMUNICATION*~,4.0
CS4196,IMPRESSION MANAGEMENT & SELF-PRESENTATION ONLINE*~,4.0
CS4199,CHILDREN & MEDIA*~,4.0
CS4265,GLOBAL FILM CULTURES: HOLLYWOOD & THE WEST*~,4.0
CS4267,EFFECTS OF VIRTUAL REALITY TECHNOLOGIES*~,4.0
CS4315,"SOCIAL MEDIA, SELF & SOCIETY*~",4.0
CS4319,TELLING THE STORY IN MULTIMEDIA*~,4.0
CS4321,"DIGITAL INCLUSION & DISABILITY:TECH, INCL. DES & SOC FUTURES*~",4.0
CS5081,INTRODUCTION TO KOREA STUDIES*~,3.0
CV0003,INTRODUCTION TO DATA SCIENCE & ARTIFICIAL INTELLIGENCE,3.0
CV1011,MECHANICS OF MATERIALS,4.0
CV1012,FLUID MECHANICS*~,3.0
CV1711,ENGINEERING DRAWING  & 3D BUILDING INFORMATION MODELLING,1.0
CV2011,STRUCTURAL ANALYSIS I,3.0
CV2013,ENGINEERING GEOLOGY & SOIL MECHANICS,3.0
CV2711,CIVIL ENGINEERING LABORATORY A,1.0
CV3011,REINFORCED CONCRETE DESIGN,3.0
CV3013,FOUNDATION ENGINEERING,3.0
CV3014,TRANSPORTATION ENGINEERING,3.0
CV3017,URBAN WATER CIRCULARITY,2.0
CV4012,PROJECT PLANNING & MANAGEMENT,2.0
CV4101,STRUCTURAL ANALYSIS III*~,3.0
CV4107,SUSTAINABLE PROJECT ECONOMICS & FINANCE*~#,3.0
CV4110,EXCAVATION & RETAINING WALLS*~,3.0
CV4113,HIGHWAY ENGINEERING*~,3.0
CV4121,INLAND & COASTAL FLOOD MANAGEMENT*~,3.0
CV4711,SEMINARS ON BUILT ENVIRONMENT,1.0
CY0001,WRITING ACROSS THE DISCIPLINES,3.0
CY1308,PHYSICS,3.0
CY1500,INTRODUCTION TO RESEARCH,2.0
CY1601,MATHEMATICS I,4.0
CZ1107,DATA STRUCTURES & ALGORITHMS*,3.0
CZ2004,HUMAN COMPUTER INTERACTION*,3.0
CZ2006,SOFTWARE ENGINEERING*,3.0
CZ2007,INTRODUCTION TO DATABASES*,3.0
CZ2101,ALGORITHM DESIGN & ANALYSIS*,3.0
CZ3001,ADVANCED COMPUTER ARCHITECTURE*,3.0
CZ3002,ADVANCED SOFTWARE ENGINEERING*,3.0
CZ4010,APPLIED CRYPTOGRAPHY*,3.0
CZ4022,WIRELESS & MOBILE NETWORKS*,3.0
CZ4031,DATABASE SYSTEM PRINCIPLES*,3.0
CZ4041,MACHINE LEARNING*,3.0
CZ4045,NATURAL LANGUAGE PROCESSING*,3.0
CZ4070,CYBER THREAT INTELLIGENCE*,3.0
CZ4153,BLOCKCHAIN TECHNOLOGY,3.0
CZ5008,DECODE THE INDUSTRY: INSIGHTS & SKILLS FOR CAREER SUCCESS*,1.0
DA5007,DRAWING FOR ANIMATION*~,3.0
DD0003,INFORMATION VISUALIZATION,3.0
DD1003,INTRODUCTION TO THE HISTORIES OF ART I: WESTERN ART HISTORY*~,3.0
DD3016,HISTORY OF DESIGN*~,3.0
DD4005,MEDIA ART INTERDISCIPLINARY SEMINAR,3.0
DD4006,DESIGN ART INTERDISCIPLINARY SEMINAR,3.0
DF2003,CINEMATOGRAPHY  I*~,3.0
DF3012,FILM DIRECTING*~,3.0
DF5001,DOCUMENTARY FILMMAKING*~,3.0
DM2009,PERFORMANCE & INTERACTION*~#,3.0
DM2011,ISSUES IN INTERACTIVE MEDIA PRACTICE*~,3.0
DM3013,INTERACTIVE SPACES*~,3.0
DM3014,INTERACTIVE DEVICES*~,3.0
DM5000,CREATIVE ROBOTICS*~,3.0
DM5001,WEB DESIGN*~#,3.0
DP2001,DIGITAL PHOTOGRAPHY*~,3.0
DP2002,HISTORY OF PHOTOGRAPHY*~,3.0
DP2006,PRINCIPLES OF LIGHTING*~,3.0
DP2008,EXPERIMENTAL PHOTOGRAPHY*~,3.0
DP3000,PHOTOGRAPHIC MEDIA & PRESENTATION*~,3.0
DP3010,MOVING IMAGE FOR MEDIA ARTISTS*~,3.0
DP5000,BLACK & WHITE FILM PHOTOGRAPHY*~,3.0
DR2001,PRODUCT DESIGN I*~,3.0
DR2002,EMERGING PRODUCT DESIGN PRACTICES*~,3.0
DR2005,COMPUTER AIDED DESIGN WORKSHOP I*~,3.0
DR2014,BODY-CENTRIC DESIGN*~,3.0
DR3006,PRODUCT DESIGN III,3.0
DR3007,STUDIES IN FORM,3.0
DR5003,INTRODUCTION TO DESIGN*~,3.0
DT2000,BASIC PRINCIPLES OF MOTION*~,3.0
DT2007,"HISTORY & CULTURE OF ANIMATION, VFX & GAME*~",3.0
DT2011,STOP MOTION PRINCIPLES*~,3.0
DT2017,WRITING FOR ANIMATION*~,3.0
DT2018,ANIMATION FOR GAMES I*~,3.0
DT2020,GAME DESIGN I*~,3.0
DT2021,GAME ASSETS DESIGN*~,3.0
DT3009,CINEMATIC CONCEPTS & MOTION CAPTURE APPLICATIONS*~,3.0
DT3013,ANIMATION SEMINAR,3.0
DV2000,TYPOGRAPHY I*~,3.0
DV2002,ILLUSTRATION FOR DESIGNERS*~,3.0
DV2008,INTERFACE DESIGN*~,3.0
DV3003,SPATIAL DESIGN*~,3.0
DV3011,TYPOGRAPHY III,3.0
DV5001,DESIGN IN MOTION*~,3.0
EE1102,PHYSICS FOUNDATION FOR ELECTRICAL & ELECTRONIC ENGINEERING,3.0
EE2005,ELECTRICAL DEVICES & MACHINES,3.0
EE2073,INTRODUCTION TO EEE DESIGN & PROJECT,2.0
EE3013,SEMICONDUCTOR DEVICES & PROCESSING*~,3.0
EE3018,INTRODUCTION TO PHOTONICS TECHNOLOGIES*~,3.0
EE3101,ENGINEERING ELECTROMAGNETICS,3.0
EE4227,CONTROL ENGINEERING DESIGN*~,3.0
EE4268,ROBOTICS & AUTOMATION*~,3.0
EE4323,MIXED-SIGNAL IC DESIGN*~,3.0
EE4523,POWER ENGINEERING DESIGN*~,3.0
EE4532,POWER ELECTRONICS & DRIVES*~,3.0
EE4623,CMOS PROCESS & DEVICE SIMULATION*~,3.0
EE4647,MICROELECTRONIC DEVICES*~,3.0
EE4903,PHYSIOLOGICAL SYSTEMS ANALYSIS*~,3.0
EE5081,INNOVATION & TECHNOLOGY MANAGEMENT*~#,3.0
EE5094,IMPACT OF ELECTROMAGNETIC RADIATION ON HUMANS*~#,3.0
EE6225,MULTIVARIABLE CONTROL SYSTEMS ANALYSIS & DESIGN*~,3.0
EE6311,INTEGRATED NANOPHOTONIC DEVICES,3.0
EE6405,NATURAL LANGUAGE PROCESSING*~,3.0
EE6601,ADVANCED WAFER PROCESSING*~,3.0
EE7913,SATELLITE TECHNOLOGY & SPACE MISSION DESIGN*~,3.0
EG1001,ENGINEERS IN SOCIETY,2.0
EG2810,MATHEMATICS A,4.0
EM5109,ENVIRONMENTAL ISSUES & SUSTAINABILITY*~,3.0
EN1001,ENVIRONMENTAL CHEMISTRY,3.0
EN2004,GEO-ENVIRONMENT & SOIL MECHANICS,3.0
EN3001,SOLID & HAZARDOUS WASTE MANAGEMENT,3.0
EN3006,ENERGY RESOURCES ENGINEERING,3.0
EN4001,ENVIRONMENTAL IMPACT ASSESSMENT & MONITORING,3.0
EN4104,ENVIRONMENTAL HYDRAULICS*~,3.0
EN4711,SEMINARS ON BUILT ENVIRONMENT,1.0
ES0138,INTRODUCTION TO SCIENTIFIC WRITING,2.0
ES1001,E2S2: ENVIRONMENT & SOCIETY*~#,4.0
ES2001,COMPUTATIONAL EARTH SYSTEMS SCIENCE*~,4.0
ES2802,GIS & THE EARTH SYSTEM,3.0
ES3003,INTRODUCTION TO GEOCHEMISTRY*~,3.0
ES3006,SPACE GEODESY~,3.0
ES3202,RESILIENT URBAN SYSTEMS*~,3.0
ES3203,THE GENOME & SOCIETY*~,3.0
ES3306,GLOBAL CHANGE ECOLOGY*~,3.0
ES3307,EXPERIMENTAL DESIGN & ANALYSIS FOR ECOLOGY*~,4.0
ES4301,CONSERVATION BIOLOGY & BIODIVERSITY*~,3.0
ES4303,MARINE & AQUATIC ECOLOGY*~,3.0
ES4304,EYES ON EARTH - SATELLITE REMOTE SENSING~,3.0
ES4906,ENVIRONMENTAL HYDROLOGY~,3.0
ES5001,NATURAL HAZARDS & SOCIETY*~#,3.0
ES5002,EMERGENT LIFE*~,3.0
ES5003,BLUE PLANET: HOW THE OCEAN WORKS*~,3.0
ES5005,ENVIRONMENTAL EARTH SYSTEMS SCIENCE*~#,3.0
ES5008,BIODIVERSITY & NATURAL HISTORY OF SINGAPORE~,3.0
ES5100,SUSTAINABILITY CAPSTONE PROJECT~,3.0
ET5101,DEEP DIVE INTO ENTREPRENEURSHIP*~#,3.0
ET5122,E-STARTUPS & SOCIAL MEDIA STRATEGIES*~,3.0
ET5131,VENTURING INTO ENTREPRENEURSHIP*~,3.0
ET5132,NEW VENTURE FINANCING*~,3.0
ET5135,BUSINESS VENTURE IMPLEMENTATION*~,3.0
ET5211,ENTREPRENEURIAL MINDSET & TECHNOLOGY INNOVATION~,3.0
ET5212,ENTREPRENEURIAL ECOSYSTEM*~,3.0
ET5216,VENTURE CAPITAL INVESTMENT & PRACTICES*~,4.0
ET5218,INNOVATION & COMMERCIALIZATION OF TECHNOLOGIES*~,3.0
FE1073,AN INTRODUCTION TO ENGINEERING & PRACTICES,1.0
FL5001,INTRODUCTION TO FILM STUDIES*~,3.0
HA1001,INTRODUCTION TO INTERNATIONAL RELATIONS & FOREIGN POLICY*~,3.0
HA1002,INTRODUCTION TO POLITICAL THEORY*~,3.0
HA1012,FUNDAMENTALS OF POLITICS*~,3.0
HA2003,POLITICS & GOVERNMENT IN SOUTHEAST ASIA*~,3.0
HA2004,THEORIES IN INTERNATIONAL RELATIONS*~,3.0
HA2014,PUBLIC ORGANIZATION THEORY*~,3.0
HA2023,RESEARCH METHODOLOGY IN SOCIAL SCIENCES*~,3.0
HA2026,AMERICAN FOREIGN POLICY*~,3.0
HA2028,ETHICS IN PUBLIC POLICY MAKING & IMPLEMENTATION*~,3.0
HA3023,INTERNATIONAL SECURITY*~,3.0
HA3026,CRISIS LEADERSHIP & MANAGEMENT*~,3.0
HA3090,SPECIAL TOPICS IN GLOBAL AFFAIRS*~,3.0
HA3093,NON-WESTERN & GLOBAL INTERNATIONAL RELATIONS THEORIES*~,3.0
HA3094,INTERNATIONAL RELATIONS OF NORTHEAST ASIA*~,3.0
HA4001,ASEAN IN THE 21ST CENTURY*~,4.0
HA4017,ECONOMIC ISSUES FOR PUBLIC DECISION MAKING*~,4.0
HA4021,COMPARATIVE POLITICS IN ASIA*~,4.0
HA4022,INTERNATIONAL POLITICS OF THE ASIA-PACIFIC*~,4.0
HA4026,SELECTED TOPICS IN HEALTH CARE & AGEING*~,4.0
HA4044,POLICY VALUES & DEBATES*~,4.0
HA4046,"CULTURE, ARTS & POLITICS*~",4.0
HA4068,POLITICS IN THAILAND*~,4.0
HC1001,INTRODUCTION TO THE STUDY OF LITERATURE & CULTURE*~,3.0
HC1002,INTRODUCTION TO CHINESE LANGUAGE*~,3.0
HC2001,"DIRECTED READINGS OF LITERARY WORKS: PRE-QIN,HAN,WEI & JIN",3.0
HC2004,"DIRECTED READINGS OF LITERARY WORKS: YUAN, MING & QING",3.0
HC2006,INTRODUCTION TO CHINESE HISTORY,3.0
HC2007,DIRECTED READINGS OF LITERARY WORKS: PRE- QIN TO TANG,3.0
HC2018,"BOOK CULTURE, CHINESE PRINT HISTORY, & TECHNOLOGY*~",3.0
HC2030,CONTENTION OF A HUNDRED SCHOOLS OF THOUGHT: PRE-QIN THINKERS*~,3.0
HC2040,UNDERSTANDING CHINA*~,3.0
HC2053,VARIETIES OF CHINESE*~,3.0
HC3002,HISTORY OF CHINESE THOUGHT,3.0
HC3003,SOUTHEAST ASIAN CHINESE,3.0
HC3044,TO BECOME BUDDHA & IMMORTAL: DAOISM & CHINESE BUDDHISM*~,3.0
HC3062,CHINESE OVERSEAS & CHINA*~,3.0
HC3063,CRITICAL STUDY OF SINGAPORE SOCIETY & CULTURE*~,3.0
HC4010,CLASSICAL CHINESE LITERARY THEORY*~,4.0
HC4024,TEXT & IMAGE STUDIES ON AIGC (AI GENERATED CONTENT)*~,4.0
HC4035,WESTERN INFLUENCES ON MODERN CHINESE THOUGHT*~,4.0
HC4044,LATE IMPERIAL & MODERN CHINA: HISTORY & SOCIAL CHANGE*~,4.0
HC4060,GLOBALISATION & CHINESE OVERSEAS*~,4.0
HC4061,CHINESE MIGRATION*~,4.0
HD0103,"DIGITAL HUMANITIES: ART, ART HISTORY & CULTURAL HERITAGE*~",3.0
HE1001,MICROECONOMICS I~,3.0
HE1002,MACROECONOMICS I~,3.0
HE1004,MATHEMATICS FOR ECONOMISTS*~,3.0
HE2003,ECONOMETRICS I*~,3.0
HE3001,MICROECONOMICS III~,3.0
HE3002,MACROECONOMICS III~,3.0
HE3004,MATHEMATICS FOR ECONOMISTS II~,3.0
HE3010,MONEY & BANKING*~,3.0
HE3022,PUBLIC ECONOMICS~,3.0
HE3024,ENVIRONMENTAL ECONOMICS~,3.0
HE3027,HOUSING ECONOMICS*~,3.0
HE3031,INDUSTRIAL ORGANIZATION & BUSINESS STRATEGIES*~,3.0
HE3032,GAME THEORY~,3.0
HE3033,THE CHINESE ECONOMY~,3.0
HE3112,FINANCIAL ACCOUNTING FOR ECONOMISTS*~,3.0
HE3125,ECONOMICS OF MENTAL HEALTH & WELL-BEING*~,3.0
HE4040,BEHAVIORAL ECONOMICS*~,4.0
HE4044,GROWTH THEORY & EMPIRICS*~,4.0
HE4045,QUANTITATIVE ECONOMICS WITH DATA SCIENCE*~,4.0
HE4140,EXPERIMENTAL ECONOMICS*~,4.0
HE5091,PRINCIPLES OF ECONOMICS*~#,3.0
HF5101,INTRODUCTION TO CHINESE CREATIVE WRITING*~,3.0
HF5301,CREATIVE WRITING: CHINESE FICTION*~,3.0
HF5501,CREATIVE WRITING: CHINESE PLAYWRITING*~,3.0
HF5701,ADVANCED CREATIVE WRITING: CHINESE PROSE*~,3.0
HG2002,SEMANTICS & PRAGMATICS*~,3.0
HG2018,NEURODIVERSITY & COMMUNICATIVE DISABILITIES*~,3.0
HG2020,LANGUAGE IN SOCIETY*~,3.0
HG2034,STRUCTURE OF MODERN ENGLISH*~,3.0
HG2051,LANGUAGE & THE COMPUTER*~,3.0
HG2052,"LANGUAGE, TECHNOLOGY & THE INTERNET*",3.0
HG2054,PRAGMATICS OF AI LANGUAGE*~,3.0
HG2097,WHAT'S IN A NAME?  A GENERAL INTRODUCTION TO ETYMOLOGY*~,3.0
HG3043,MALAY LINGUISTICS 1 - HISTORY & STRUCTURE*~,3.0
HG4021,LANGUAGE MAINTENANCE & SHIFT*~,4.0
HG4047,PRAGMATIC THEORY*~,4.0
HG4048,COMPARATIVE CHINESE DIALECTOLOGY*~,4.0
HG4062,"LANGUAGE, CULTURE & SOCIETY IN SOUTHEAST ASIA*~",4.0
HH1001,WHAT IS HISTORY?*~,3.0
HH1002,ASIA-PACIFIC IN GLOBAL HISTORY: PRE-1800*~,3.0
HH1004,SCIENCE & TECHNOLOGY IN HISTORICAL PERSPECTIVE*~,3.0
HH1006,THE WEST IN GLOBAL HISTORY*~,3.0
HH2004,THE ISLAMICATE WORLD*~,3.0
HH2005,FOUNDATIONS OF EAST ASIA*~,3.0
HH2027,"BLOOD, GERMS, & SICK BODIES: BIOMEDICINE IN HISTORY*~",3.0
HH3001,HISTORIOGRAPHY: THEORY & METHODS*~,3.0
HH3003,MIGRATION & DIASPORA: CHIN EXP IN COMPARATIVE PERSPECTIVE*~,3.0
HH3007,SOUTHEAST ASIAN-CHINA INTERACTIONS*~,3.0
HH3036,SOUTH ASIA & THE WORLD*~,3.0
HH3040,HISTORY OF CHINESE MEDICINE*~,3.0
HH4003,THE SILK ROAD: OLD & NEW*~,4.0
HH4012,INTELLECTUAL HISTORY OF MODERN CHINA*~,4.0
HH4020,"SCIENCE, TECHNOLOGY, & SCIENCE FICTION*~",4.0
HH4091,SPECIAL TOPICS IN HISTORY- INTERDISCIPLINARY HISTORY*~,4.0
HH4092,SPECIAL TOPICS IN HISTORY- WORLD HISTORY*~,4.0
HL0201,"IMAGES OF SINGAPORE: LITERATURE, FILM & CULTURE",3.0
HL1001,INTRODUCTION TO THE STUDY OF LITERATURE*~,3.0
HL1002,SURVEY OF ENGLISH LITERATURE 1*~,3.0
HL2002,RENAISSANCE LITERATURE*~,3.0
HL2007,CONTEMPORARY LITERATURE & CULTURE*~,3.0
HL2022,SOUTH ASIAN LITERATURE*~,3.0
HL2024,APPROACHES TO LITERATURE*~,3.0
HL2026,READING DRAMA*~,3.0
HL2041,ASIAN HISTORICAL FICTION*~,3.0
HL3001,FILM THEORY*~,3.0
HL3002,"FILM, POLITICS & ETHICS*~",3.0
HL3004,WORLD CINEMA*~,3.0
HL3006,MODERN DRAMA*~,3.0
HL3014,LATIN AMERICAN LITERATURE*~,3.0
HL3037,THE ENVIRONMENT & CULTURAL PRODUCTION*~,3.0
HL3043,MODERNIST SOUNDSCAPES*~,3.0
HL3044,THE LEGENDS OF KING ARTHUR*~,3.0
HL4020,ADVANCED STUDIES IN MODERNIST LITERATURE*~,4.0
HL4023,ADVANCED STUDIES IN AMERICAN LITERATURE*~,4.0
HL4024,ADVANCED STUDIES IN CONTEMPORARY LITERATURE*~,4.0
HL4031,COMPARATIVE LITERATURE*~,4.0
HL4036,LITERATURE & MEDICINE*~,4.0
HL4038,ADVANCED STUDIES IN POSTCOLONIAL LITERATURE*~,4.0
HL4042,BEING HUMAN IN FILM & LITERATURE*~,4.0
HL5002,"IMAGES OF SINGAPORE: LITERATURE, FILM & CULTURE*~",3.0
HN5010,SINGAPORE: IMAGINING THE NEXT 50 YEARS*~,3.0
HP1000,INTRODUCTION TO PSYCHOLOGY*~,3.0
HP1100,FUNDAMENTALS OF SOCIAL SCIENCE RESEARCH*~,3.0
HP2200,BIOLOGICAL PSYCHOLOGY*~,3.0
HP2500,PERSONALITY & INDIVIDUAL DIFFERENCES*~,3.0
HP3203,CONSERVATION PSYCHOLOGY*~,3.0
HP3204,AN APE'S GUIDE TO HUMAN LANGUAGE*~,3.0
HP3205,ANIMAL BEHAVIOR*~,3.0
HP3502,PSYCHOLOGY OF EMOTION*~,3.0
HP3702,CHILD PSYCHOPATHOLOGY*~,3.0
HP3703,HEALTH PSYCHOLOGY*~,3.0
HP3708,BIOPSYCHOSOCIAL CRIMINOLOGY*~,3.0
HP3804,PSYCHOLOGICAL TESTING*~,3.0
HP3807,OCCUPATIONAL HEALTH PSYCHOLOGY*~,3.0
HP3901,CULTURAL PSYCHOLOGY*~,3.0
HP4041,LABORATORY IN SOCIAL PSYCHOLOGY*~,4.0
HP4051,LABORATORY IN PERSONALITY & INDIVIDUAL DIFFERENCES*~,4.0
HP4063,RESEARCH LAB IN LANGUAGE IN PERCEPTION & THOUGHT*~,4.0
HP4081,LABORATORY IN INDUSTRIAL & ORGANIZATIONAL PSYCHOLOGY*~,4.0
HP4101,LEGAL & COURTROOM PSYCHOLOGY*~,4.0
HP4102,TRAUMA PSYCHOLOGY & CRISIS MANAGEMENT*~,4.0
HP4104,EVIDENCE-BASED PRACTICE IN CLINICAL PSYCHOLOGY*~,4.0
HP4106,MENTAL HEALTH IN THE COMMUNITY*~,4.0
HP4107,INDUSTRIAL-ORGANISATIONAL PSYCHOLOGY IN PRACTICE*~,4.0
HP4108,PSYCHOLOGICAL THERAPIES & COUNSELLING*~,4.0
HP4242,ADVANCED TOPICS IN SOCIAL COGNITION*~,4.0
HP4251,HUMAN MOTIVATION*~,4.0
HP4262,MULTISENSORY INTEGRATION*~,4.0
HP4273,INTRODUCTION TO FUNCTIONAL NEUROIMAGING*~,4.0
HP4274,"THE LAST DANCE: PERSPECTIVES OF DEATH, DYING & BEREAVEMENT*~",4.0
HP4281,SEMINAR IN SELECTED TOPICS: PSYCHOLOGY OF LEADERSHIP*~,4.0
HR1001,WAYS OF SEEING: EXPLORING VISUAL CULTURE*~,3.0
HR2001,INTRODUCTION TO THE HISTORIES OF SOUTHEAST ASIAN ART*~,3.0
HR2010,INTRODUCTION TO MUSEUM STUDIES*~,3.0
HR3005,THE FANTASTIC IN WESTERN VISUAL ARTS*~,3.0
HR3007,JAPANESE ART: EDO TO CONTEMPORARY*~,3.0
HR4003,FROM COLONIALISM  TO TOURISM: EARLY PHOTOGRAPHY IN ASIA*~,4.0
HR4005,STUDIES IN ART CRITICISM & CULTURE*~,4.0
HS0101,"DIGITAL LITERACY, CULTURE & SOCIETY",3.0
HS1001,PERSON & SOCIETY*~,3.0
HS1002,SINGAPORE SOCIETY IN TRANSITION*~,3.0
HS1003,SOCIAL PROBLEMS IN A GLOBAL CONTEXT*~,3.0
HS2001,CLASSICAL SOCIAL THEORY*~,3.0
HS2009,SOCIOLOGY OF THE LIFE COURSE*~,3.0
HS2014,THE CHANGING FAMILY*~,3.0
HS2019,SOCIOLOGY OF SCIENCE & TECHNOLOGY*~,3.0
HS2026,DEVIANCE & SOCIETY*~,3.0
HS3004,CITIES & URBAN LIFE*~,3.0
HS3018,SOCIOLOGY OF GENDER*~,3.0
HS4001,RESEARCH PRACTICUM I: QUALITATIVE SOCIAL RESEARCH,4.0
HS4002,RESEARCH PRACTICUM II: QUANTITATIVE SOCIAL RESEARCH,4.0
HS4022,SOCIOLOGY OF ISLAM IN THE MALAY WORLD,4.0
HS4027,CULTURAL POLITICS OF DEVELOPMENT & THE ENVIRONMENT*~,4.0
HS4028,MIGRATION & DEVELOPMENT IN A GLOBALIZING WORLD*~,4.0
HS4039,MEDICAL SOCIOLOGY*~,4.0
HS4901,RESEARCH PRACTICUM I: QUALITATIVE SOCIAL RESEARCH,4.0
HS4902,RESEARCH PRACTICUM II: QUANTITATIVE SOCIAL RESEARCH,4.0
HT5101,"TRANSLATION: HISTORIES, THEORIES & PRINCIPLES*~",3.0
HT5301,"LINGUISTICS, CULTURE & TRANSLATION*~",3.0
HT5401,"TRANSLATION: APPRECIATION, CRITICISM & EVALUATION*~",3.0
HU5001,INTRODUCTION TO HUMAN GEOGRAPHY*~,3.0
HW0205,ACADEMIC COMMUNICATION IN THE HUMANITIES,2.0
HW0206,ACADEMIC COMMUNICATION IN CHINESE STUDIES,2.0
HW0207,ACADEMIC COMMUNICATION IN LINGUISTICS,2.0
HW0208,ACADEMIC COMMUNICATION IN THE SOCIAL SCIENCES,2.0
HW0218,COMMUNICATION ACROSS THE SCIENCES,2.0
HW0288,ENGINEERING COMMUNICATION,2.0
HY0001,ETHICS & MORAL REASONING,1.0
HY1001,INTRODUCTION TO PHILOSOPHY*~,3.0
HY1002,SYMBOLIC LOGIC*~,3.0
HY2003,INTRODUCTION TO CHINESE PHILOSOPHY*~,3.0
HY2015,PHILOSOPHY OF WELL-BEING*~,3.0
HY3010,PHILOSOPHY OF SCIENCE*~,3.0
HY3011,PHILOSOPHY OF MIND*~,3.0
HY3012,PHILOSOPHY OF TECHNOLOGY*~,3.0
HY3910,PHILOSOPHY OF SCIENCE*~,3.0
HY3911,PHILOSOPHY OF MIND*~,3.0
HY3912,PHILOSOPHY OF TECHNOLOGY*~,3.0
HY4015,PHILOSOPHICAL METHODOLOGIES*~,4.0
HY4039,ETHICS OF WAR*~,4.0
HY4040,THE MEANING OF LIFE*~,4.0
HY4044,INTERCULTURAL PHILOSOPHY: CHINESE & CONTINENTAL*~,4.0
HY4112,SPECIAL TOPICS IN PHILOSOPHY*~,4.0
HY4116,PHENOMENOLOGY*~,4.0
HZ5101,INTRODUCTION TO CREATIVE WRITING*~,3.0
HZ5201,CREATIVE WRITING:POETRY*~,3.0
HZ5202,CREATIVE WRITING:FICTION*~,3.0
HZ5204,CREATIVE WRITING: PLAYWRITING*~,3.0
HZ5205,CREATIVE WRITING:SCREENWRITING*~,3.0
HZ5301,ADVANCED CREATIVE WRITING*~,3.0
IE0005,INTRODUCTION TO DATA SCIENCE & ARTIFICIAL INTELLIGENCE,3.0
IE1005,FROM COMPUTATIONAL THINKING TO PROGRAMMING,3.0
IE2104,DIGITAL ELECTRONICS,3.0
IE2106,ENGINEERING MATHEMATICS I,3.0
IE2107,ENGINEERING MATHEMATICS II~,3.0
IE2108,DATA STRUCTURES & ALGORITHMS IN PYTHON,3.0
IE2110,SIGNALS & SYSTEMS,3.0
IE3012,COMMUNICATION PRINCIPLES*~,3.0
IE3014,DIGITAL SIGNAL PROCESSING*~,3.0
IE3017,COMPUTER COMMUNICATIONS*~,3.0
IE3102,MICROPROCESSORS*~,3.0
IE4120,OPTICAL COMMUNICATION SYSTEM DESIGN*~,3.0
IE4154,DIGITAL & TELECOMMUNICATIONS SYSTEMS*~,3.0
IE4476,IMAGE PROCESSING & COMPUTER VISION*~,3.0
IE4483,ARTIFICIAL INTELLIGENCE & DATA MINING*~,3.0
IE4727,WEB APPLICATION DESIGN*~,3.0
IE4758,INFORMATION SECURITY*~,3.0
IM3180,DESIGN & INNOVATION PROJECT,3.0
LC5001,CHINESE LANGUAGE LEVEL 1*~,3.0
LC5002,CHINESE LANGUAGE LEVEL 2*~,3.0
LC5003,CHINESE LANGUAGE LEVEL 3*~,3.0
LC5004,CHINESE LANGUAGE LEVEL 4*~,3.0
LC5101,BUSINESS CHINESE*~,3.0
LF5001,FRENCH LANGUAGE LEVEL 1*~,3.0
LF5002,FRENCH LANGUAGE LEVEL 2*~,3.0
LF5003,FRENCH LANGUAGE LEVEL 3*~,3.0
LF5004,FRENCH LANGUAGE LEVEL 4*~,3.0
LF5005,FRENCH LANGUAGE LEVEL 5*~,3.0
LF5006,FRENCH LANGUAGE LEVEL 6*~,3.0
LF5007,FRENCH LANGUAGE LEVEL 7*~,3.0
LG5001,GERMAN LANGUAGE LEVEL 1*~,3.0
LG5002,GERMAN LANGUAGE LEVEL 2*~,3.0
LG5003,GERMAN LANGUAGE LEVEL 3*~,3.0
LG5004,GERMAN LANGUAGE LEVEL 4*~,3.0
LG5005,GERMAN LANGUAGE LEVEL 5*~,3.0
LJ5001,JAPANESE LANGUAGE LEVEL 1*~,3.0
LJ5002,JAPANESE LANGUAGE LEVEL 2*~,3.0
LJ5003,JAPANESE LANGUAGE LEVEL 3*~,3.0
LJ5004,JAPANESE LANGUAGE LEVEL 4*~,3.0
LJ5005,JAPANESE LANGUAGE LEVEL 5*~,3.0
LK5001,KOREAN LANGUAGE LEVEL 1*~,3.0
LK5002,KOREAN LANGUAGE LEVEL 2*~,3.0
LK5003,KOREAN LANGUAGE LEVEL 3*~,3.0
LK5004,KOREAN LANGUAGE LEVEL 4*~,3.0
LK5005,KOREAN LANGUAGE LEVEL 5*~,3.0
LK5006,KOREAN LANGUAGE LEVEL 6*~,3.0
LK5007,KOREAN LANGUAGE LEVEL 7*~,3.0
LK5902,KOREAN CULTURE & SOCIETY II*~,3.0
LL5001,SINGAPORE SIGN LANGUAGE LEVEL 1*~,3.0
LL5002,SINGAPORE SIGN LANGUAGE LEVEL 2*~,3.0
LM5001,MALAY LANGUAGE LEVEL 1*~,3.0
LM5002,MALAY LANGUAGE LEVEL 2*~,3.0
LM5003,MALAY LANGUAGE LEVEL 3*~,3.0
LM5004,MALAY LANGUAGE LEVEL 4*~,3.0
LM5005,MALAY LEVEL 5*~,3.0
LS5001,SPANISH LANGUAGE LEVEL 1*~,3.0
LS5002,SPANISH LANGUAGE LEVEL 2*~,3.0
LS5003,SPANISH LANGUAGE LEVEL 3*~,3.0
LS5004,SPANISH LANGUAGE LEVEL 4*~,3.0
LT5001,THAI LANGUAGE LEVEL 1*~,3.0
LT5002,THAI LANGUAGE LEVEL 2*~,3.0
LT5003,THAI LANGUAGE LEVEL 3*~,3.0
LT5004,THAI LANGUAGE LEVEL 4*~,3.0
LV5001,VIETNAMESE LANGUAGE LEVEL 1*~,3.0
MA0218,INTRODUCTION TO DATA SCIENCE & ARTIFICIAL INTELLIGENCE*,3.0
MA1001,DYNAMICS,3.0
MA1008,INTRODUCTION TO COMPUTATIONAL THINKING,3.0
MA1601,INTRODUCTION TO ROBOTICS,2.0
MA2001,MECHANICS OF MATERIALS,3.0
MA2002,THEORY OF MECHANISM*~,3.0
MA2003,INTRODUCTION TO THERMO-FLUIDS,3.0
MA2005,ENGINEERING GRAPHICS,3.0
MA2006,ENGINEERING MATHEMATICS,3.0
MA2007,THERMODYNAMICS,3.0
MA2009,INTRODUCTION TO ELECTRICAL CIRCUITS & ELECTRONIC DEVICES*~,3.0
MA2011,MECHATRONICS SYSTEM INTERFACING,3.0
MA2014,PRODUCT PRESENTATION,3.0
MA2024,ENGINEERING MATERIALS & MANUFACTURING PROCESSES,3.0
MA2071,LABORATORY EXPERIMENTS (ME),1.0
MA2072,LABORATORY EXPERIMENTS (AE),1.0
MA2701,FLIGHT PERFORMANCE,2.0
MA3001,MACHINE ELEMENT DESIGN~,3.0
MA3002,SOLID MECHANICS & VIBRATION,3.0
MA3003,HEAT TRANSFER,3.0
MA3004,MATHEMATICAL METHODS IN ENGINEERING,3.0
MA3005,CONTROL THEORY,3.0
MA3006,FLUID MECHANICS,3.0
MA3010,THERMODYNAMICS & HEAT TRANSFER,3.0
MA3071,ENGINEERING EXPERIMENTS (ME),1.0
MA3072,ENGINEERING EXPERIMENTS (AE),1.0
MA3700,AIRCRAFT STRUCTURES I~,3.0
MA3701,AERODYNAMICS~,3.0
MA3702,AIRCRAFT PROPULSION~,3.0
MA3703,FLIGHT DYNAMICS,2.0
MA3704,AIRCRAFT ELECTRICAL DEVICES,3.0
MA3705,AEROSPACE CONTROL THEORY,3.0
MA4001,ENGINEERING DESIGN,4.0
MA4002,FLUID DYNAMICS~,3.0
MA4011,ENGINEERING PRODUCT DESIGN,4.0
MA4012,MECHATRONICS ENGINEERING DESIGN,4.0
MA4013,MANUFACTURING ENGINEERING DESIGN,4.0
MA4701,AIRCRAFT DESIGN,3.0
MA4702,AIRCRAFT STRUCTURES II,3.0
MA4704,AEROELASTICITY,3.0
MA4705,AIRCRAFT NAVIGATION & FLIGHT COMPUTERS,3.0
MA4804,OPTIMIZATION THEORY & APPLICATIONS~,3.0
MA4811,PSYCHROMETRY & AIR CONDITIONING~,3.0
MA4814,COMPUTATIONAL FLUID DYNAMICS~,3.0
MA4822,MEASUREMENTS & SENSING SYSTEMS~,3.0
MA4825,ROBOTICS~,3.0
MA4832,MICROPROCESSOR SYSTEMS~,3.0
MA4842,ENGINEERING METROLOGY &  MATERIALS CHARACTERIZATION~,3.0
MA4849,OPERATIONS RESEARCH~,3.0
MA4856,NAVAL ARCHITECTURE & MARINE ENGINEERING~,3.0
MA4858,PRODUCT DESIGN~,3.0
MA4881,AIR TRAFFIC MANAGEMENT~,3.0
MA4882,ADVANCED MANUFACTURING & MATERIALS PROCESSING~,3.0
MA4884,SYSTEMS THINKING & SYSTEMS ENGINEERING~,3.0
MA4890,AUTONOMOUS DRIVING*~,3.0
MH1100,CALCULUS I*~,4.0
MH1200,LINEAR ALGEBRA I*~,4.0
MH1300,FOUNDATIONS OF MATHEMATICS*~,4.0
MH1802,CALCULUS FOR THE SCIENCES,4.0
MH1805,CALCULUS,4.0
MH1810,MATHEMATICS 1,3.0
MH1811,MATHEMATICS 2,3.0
MH1812,DISCRETE MATHEMATICS*~,3.0
MH2100,CALCULUS III*~,4.0
MH2500,PROBABILITY*~,4.0
MH2802,LINEAR ALGEBRA FOR SCIENTISTS*~,3.0
MH2811,MATHEMATICS II,3.0
MH2814,PROBABILITY & STATISTICS*~,3.0
MH3100,REAL ANALYSIS I*~,4.0
MH3101,COMPLEX ANALYSIS*~,4.0
MH3210,NUMBER THEORY*~,4.0
MH3220,ALGEBRA II*~,4.0
MH3510,REGRESSION ANALYSIS*~,4.0
MH3512,STOCHASTIC PROCESSES*~,4.0
MH3520,MATHEMATICS OF DEEP LEARNING*~,4.0
MH4301,SET THEORY & LOGIC*~,4.0
MH4311,CRYPTOGRAPHY*~,4.0
MH4510,STATISTICAL LEARNING & DATA MINING*~,4.0
MH4511,SAMPLING & SURVEY*~,4.0
MH4513,SURVIVAL ANALYSIS*~,4.0
MH4514,FINANCIAL MATHEMATICS*~,4.0
MH4521,REINFORCEMENT LEARNING*~,4.0
MH4700,NUMERICAL ANALYSIS II*~,4.0
MH4702,PROBABILISTIC METHODS IN OPERATIONS RESEARCH*~,4.0
MH4932,SPECIAL TOPICS IN STATISTICS,4.0
MH5301,MODERN CRYPTOGRAPHY: REAL-WORLD APPLICATIONS & IMPACT*~#,3.0
ML0003,KICKSTART YOUR CAREER SUCCESS,1.0
ML0004,CAREER DESIGN & WORKPLACE READINESS IN THE V.U.C.A WORLD,2.0
MS1011,MATERIALS MATTER,1.0
MS1013,MATERIALS CHEMISTRY I,2.0
MS1016,THERMODYNAMICS OF MATERIALS,3.0
MS1017,INTRODUCTION TO MATERIALS SCIENCE,2.0
MS2012,INTRODUCTION TO MANUFACTURING PROCESSES,3.0
MS2015,MECHANICAL BEHAVIOUR OF MATERIALS,3.0
MS2083,LABORATORY ON STRUCTURE-PROPERTY RELATIONSHIP IN POLYMERS,1.0
MS3012,MICRO/NANOELECTRONIC MATERIALS PROCESSING,3.0
MS3013,ELECTROCHEMICAL CORROSION,3.0
MS3014,ANALYSIS OF MATERIALS,3.0
MS3015,INDUSTRIAL DESIGN,4.0
MS3082,DESIGN LAB,1.0
MS4013,BIOMATERIALS,2.0
MS4610,ADVANCED BIOMATERIALS*~,3.0
MS4613,WEARABLE SENSORS FOR HEALTHCARE,3.0
MS4621,SELECTED TOPICS ON APPLIED POLYMER MATERIALS*~,2.0
MS4640,ADVANCED ANALYSIS OF MATERIALS*~,3.0
MS4642,ADDITIVE MANUFACTURING OF MATERIALS*~,1.0
MS4660,FUNDAMENTALS OF INTELLECTUAL PROPERTY IN MATLS SCI & ENG*~,3.0
MS4667,INTRODUCTION TO SUSTAINABLE MATERIALS*~,2.0
MS4672,MACHINE LEARNING FOR MATERIALS DESIGN~,2.0
MS4681,CARBON MARKETS: TOWARDS A LOW-CARBON FUTURE*~,2.0
MS4682,MATERIALS FOR HYDROGEN FUEL*~,1.0
MT0001,SHIPPING & THE ENVIRONMENT*~,4.0
MT1001,MATHEMATICS I FOR MARITIME STUDIES,3.0
MT3001,MARITIME LAW,3.0
MT3002,INTRODUCTION TO MARINE INSURANCE,3.0
MT3004,SHIPPING MANAGEMENT*~,3.0
MT3006,SHIP CHARTERING,3.0
MT4002,ESSENTIALS OF PROJECT MANAGEMENT,3.0
MT4101,INTERMODAL TRANSPORTATION*~,3.0
PH1011,PHYSICS*~#,3.0
PH1012,PHYSICS A*~#,4.0
PH1104,MECHANICS*~,3.0
PH1105,"OPTICS, VIBRATIONS & WAVES*~",3.0
PH1198,PHYSICS LABORATORY IA,2.0
PH2102,ELECTROMAGNETISM*~,4.0
PH2103,THERMAL PHYSICS*~,4.0
PH2104,ANALYTICAL MECHANICS*~,4.0
PH2198,PHYSICS LABORATORY IIA*~,2.0
PH3101,QUANTUM MECHANICS II*~,4.0
PH3103,TECHNOLOGICAL APPLICATIONS OF QUANTUM MECHANICS*~,3.0
PH3199,PHYSICS LAB IIIA,2.0
PH3301,INTRODUCTION TO BIOIMAGING & BIOSENSING TECHNIQUES~,3.0
PH3403,ASTROPHYSICS & COSMOLOGY*~,3.0
PH3601,FABRICATION OF MICRO-& NANOELECTRONIC DEVICES*~,3.0
PH4408,NUCLEAR PHYSICS*~,3.0
PH4610,IONISING RADIATION-BASED IMAGING*~,3.0
PH4611,MEDICAL PHYSICS BEAM MODELLING & DOSIMETRY*~,3.0
RE0003,COMMUNICATING AS A 21ST CENTURY ENGINEER,3.0
RE0011,WRITING ACROSS THE DISCIPLINES,3.0
RE1011,MATHEMATICS I,4.0
RE1013,MATERIALS & MANUFACTURING,3.0
RE1014,ELECTRONIC & INFORMATION ENGINEERING,3.0
RE1015,BIO- & CHEMICAL ENGINEERING FUNDAMENTALS & APPLICATIONS,3.0
RE1101,FUNDAMENTALS OF MANAGEMENT,3.0
RE1401,FINANCIAL MANAGEMENT,3.0
RE2011,RENAISSANCE DESIGN I,4.0
RE6015,"ENTREPRENEURSHIP, STRATEGY & INNOVATION: REAL WORLD APPLCNS",6.0
RE6016,SYSTEM THINKING & HOLISTIC DECISION MAKING,3.0
RE6017,ETHICS & GOVERNANCE ISSUES IN TECHNOLOGY MANAGEMENT,3.0
RE6018,OPERATIONS & SUPPLY CHAINS,3.0
RE6019,ADVANCED TOPICS IN ENGINEERING LEADERSHIP,3.0
SC1003,INTRODUCTION TO COMPUTATIONAL THINKING & PROGRAMMING~,3.0
SC1004,LINEAR ALGEBRA FOR COMPUTING,4.0
SC1005,DIGITAL LOGIC~,3.0
SC1006,COMPUTER ORGANISATION & ARCHITECTURE~,3.0
SC1007,DATA STRUCTURES & ALGORITHMS~,3.0
SC1008,C & C++ PROGRAMMING,3.0
SC1013,PHYSICS FOR COMPUTING,2.0
SC1123,MATH 1: LINEAR ALGEBRA & CALCULUS FOR COMPUTING,2.0
SC1301,WRITING ACROSS THE DISCIPLINES,3.0
SC1303,PROGRAMMING WITH DATA STRUCTURES & ALGORITHMS,4.0
SC2000,PROBABILITY & STATISTICS FOR COMPUTING,3.0
SC2001,ALGORITHM DESIGN & ANALYSIS~,3.0
SC2002,OBJECT ORIENTED DESIGN & PROGRAMMING~,3.0
SC2005,OPERATING SYSTEMS~,3.0
SC2006,SOFTWARE ENGINEERING~,3.0
SC2008,COMPUTER NETWORK~,3.0
SC2103,DIGITAL SYSTEMS DESIGN~,3.0
SC2104,"SENSORS, INTERFACING & DIGITAL CONTROL~",3.0
SC2107,MICROPROCESSOR SYSTEM DESIGN & DEVELOPMENT~,3.0
SC2203,"AUTOMATA, COMPUTABILITY & COMPLEXITY",3.0
SC2207,INTRODUCTION TO DATABASES~,3.0
SC2304,ETHICAL ARTIFICIAL INTELLIGENCE~,3.0
SC3000,ARTIFICIAL INTELLIGENCE~,3.0
SC3010,COMPUTER SECURITY~,3.0
SC3020,DATABASE SYSTEM PRINCIPLES~,3.0
SC3030,ADVANCED COMPUTER NETWORKS~,3.0
SC3040,ADVANCED SOFTWARE ENGINEERING~,3.0
SC3050,ADVANCED COMPUTER ARCHITECTURE~,3.0
SC3060,COMPUTER GRAPHICS & VISUALISATION~,3.0
SC3061,HUMAN COMPUTER INTERACTION,3.0
SC3102,"SIGNALS, SYSTEMS & TRANSFORMS",3.0
SC3103,EMBEDDED PROGRAMMING~,3.0
SC3270,REASONING ABOUT PROGRAMS~,3.0
SC4000,MACHINE LEARNING~,3.0
SC4001,NEURAL NETWORK & DEEP LEARNING~,3.0
SC4002,NATURAL LANGUAGE PROCESSING~,3.0
SC4010,APPLIED CRYPTOGRAPHY~,3.0
SC4016,CYBER THREAT INTELLIGENCE~,3.0
SC4020,DATA ANALYTICS & MINING~,3.0
SC4024,DATA VISUALISATION~,3.0
SC4030,WIRELESS & MOBILE NETWORKS~,3.0
SC4040,ADVANCED TOPICS IN ALGORITHMS~,3.0
SC4050,PARALLEL COMPUTING~,3.0
SC4053,BLOCKCHAIN TECHNOLOGY~,3.0
SC4061,COMPUTER VISION~,3.0
SC5001,INTRODUCTION TO COMPUTATIONAL THINKING & PROGRAMMING~,3.0
SC5002,ARTIFICIAL INTELLIGENCE FUNDAMENTALS & APPLICATIONS~,3.0
SC5008,DECODE THE INDUSTRY: INSIGHTS & SKILLS FOR CAREER SUCCESS~,1.0
SC5401,MASTER CLASS 1 (TURING ON COMPUTABILITY & INTELLIGENCE)~,3.0
SP0001,WRITING & REASONING,3.0
SP0008,LIVING WELL,2.0
SP0049,WATCHING MOVIES IN THE DIGITAL AGE,3.0
SP0051,ASTRONOMY,3.0
SP0061,SCIENCE & TECHNOLOGY FOR HUMANITY,3.0
SP0075,BRANDING AS CULTURE: HOW BRANDS SHAPE OUR WORLD,3.0
SS5003,INTRODUCTION TO PILATES MATWORK & HATHA YOGA*~,3.0
SS5202,SOCCER*~,3.0
SS5303,INTRODUCTION TO HIP-HOP & ITS DANCES*~,3.0
SS5305,INTRODUCTION TO DANCES OF AMERICAN ORIGIN*~,3.0
SS5601,HUMAN ANATOMY & PHYSIOLOGY*~,3.0
SS5605,PSYCHOSOCIAL ASPECTS OF SPORT & EXERCISE*~,3.0
SS5611,PHYSICAL ACTIVITY IN LIFE COURSE WELLNESS*~,3.0
SU3001,INTEGRATED URBAN MANAGEMENT*~,3.0
